order_id,order_date,customer_id,city,channel,category,product,manager,department,quantity,price,discount,revenue,status,payment_method,delivery_days,rating,is_new_customer
1001,2026-01-05,C001,Москва,Приложение,Электроника,Наушники,Анна,Продажи,1,7500,0,7500,Оплачен,Карта,2,5,True
1002,2026-01-06,C002,Тула,Сайт,Одежда,Куртка,Борис,Продажи,1,12000,1000,11000,Оплачен,Карта,4,4,True
1003,2026-01-07,C001,Москва,Приложение,Дом,Лампа,Анна,Продажи,2,2500,0,5000,Оплачен,SБП,2,5,False
1004,2026-01-08,C003,Волгоград,Магазин,Электроника,Монитор,Вера,Продажи,1,28000,2000,26000,Оплачен,Карта,0,4,True
1005,2026-01-09,C004,Москва,Сайт,Спорт,Кроссовки,Борис,Продажи,1,9000,0,9000,Оплачен,Карта,3,3,True
1006,2026-01-10,C005,Тула,Приложение,Дом,Пылесос,Анна,Продажи,1,18000,3000,15000,Возврат,Карта,5,2,True
1007,2026-01-12,C006,Волгоград,Сайт,Одежда,Джинсы,Вера,Продажи,2,4500,500,8500,Оплачен,Карта,3,5,True
1008,2026-01-13,C007,Москва,Магазин,Электроника,Клавиатура,Борис,Продажи,1,6000,0,6000,Оплачен,Наличные,0,4,True
1009,2026-01-15,C002,Тула,Сайт,Одежда,Футболка,Анна,Продажи,3,1800,0,5400,Оплачен,Карта,4,4,False
1010,2026-01-16,C008,Москва,Приложение,Спорт,Велотренажёр,Вера,Продажи,1,35000,5000,30000,Оплачен,SБП,3,5,True
1011,2026-01-18,C009,Волгоград,Магазин,Дом,Стол,Анна,Продажи,1,22000,0,22000,Отменён,Карта,0,,True
1012,2026-01-20,C010,Москва,Сайт,Электроника,Мышь,Борис,Продажи,2,2500,0,5000,Оплачен,Карта,2,5,True
1013,2026-02-01,C003,Волгоград,Приложение,Электроника,Монитор,Вера,Продажи,1,28000,0,28000,Оплачен,Карта,2,4,False
1014,2026-02-02,C011,Тула,Сайт,Спорт,Гантели,Анна,Продажи,2,3500,0,7000,Оплачен,Карта,4,5,True
1015,2026-02-03,C012,Москва,Приложение,Одежда,Пальто,Борис,Продажи,1,16000,2000,14000,Оплачен,SБП,3,4,True
1016,2026-02-05,C004,Москва,Сайт,Спорт,Кроссовки,Борис,Продажи,1,9000,0,9000,Оплачен,Карта,2,4,False
1017,2026-02-06,C013,Волгоград,Магазин,Дом,Стул,Вера,Продажи,4,3000,0,12000,Оплачен,Наличные,0,5,True
1018,2026-02-07,C014,Тула,Приложение,Электроника,Наушники,Анна,Продажи,1,7500,500,7000,Оплачен,Карта,5,3,True
1019,2026-02-09,C015,Москва,Сайт,Дом,Лампа,Борис,Продажи,3,2500,0,7500,Оплачен,Карта,2,5,True
1020,2026-02-10,C006,Волгоград,Сайт,Одежда,Джинсы,Вера,Продажи,1,4500,0,4500,Возврат,Карта,4,1,False
1021,2026-02-12,C016,Тула,Магазин,Электроника,Клавиатура,Анна,Продажи,2,6000,1000,11000,Оплачен,Наличные,0,4,True
1022,2026-02-14,C017,Москва,Приложение,Спорт,Гантели,Борис,Продажи,1,3500,0,3500,Оплачен,SБП,3,5,True
1023,2026-02-15,C018,Волгоград,Сайт,Дом,Пылесос,Вера,Продажи,1,18000,0,18000,Оплачен,Карта,3,4,True
1024,2026-02-17,C001,Москва,Приложение,Одежда,Футболка,Анна,Продажи,2,1800,0,3600,Оплачен,Карта,2,5,False
1025,2026-02-20,C019,Тула,Сайт,Электроника,Мышь,Борис,Продажи,1,2500,0,2500,Отменён,Карта,4,,True
1026,2026-02-22,C020,Волгоград,Магазин,Спорт,Велотренажёр,Вера,Продажи,1,35000,5000,30000,Оплачен,Карта,0,5,True
1027,2026-02-24,C002,Тула,Сайт,Одежда,Куртка,Анна,Продажи,1,12000,0,12000,Оплачен,Карта,5,4,False
1028,2026-02-25,C007,Москва,Магазин,Электроника,Монитор,Борис,Продажи,1,28000,0,28000,Оплачен,Наличные,0,5,False
1029,2026-02-26,C021,Волгоград,Приложение,Дом,Стол,Вера,Продажи,1,22000,2000,20000,Оплачен,SБП,2,4,True
1030,2026-02-28,C022,Москва,Сайт,Спорт,Кроссовки,Анна,Продажи,2,9000,1000,17000,Оплачен,Карта,3,4,True
