customer_id,customer_name,age_group,loyalty_level,home_city
C001,Алексей,25-34,Gold,Москва
C002,Марина,35-44,Silver,Тула
C003,Игорь,25-34,Silver,Волгоград
C004,Елена,35-44,Silver,Москва
C005,Павел,45-54,Basic,Тула
C006,Ольга,25-34,Silver,Волгоград
C007,Дмитрий,18-24,Silver,Москва
C008,Антон,35-44,Basic,Москва
C009,Наталья,45-54,Basic,Волгоград
C010,Сергей,25-34,Basic,Москва
C011,Алина,18-24,Basic,Тула
C012,Роман,35-44,Basic,Москва
C013,Виктор,45-54,Basic,Волгоград
C014,Дарья,25-34,Basic,Тула
C015,Кирилл,18-24,Basic,Москва
C016,Инна,35-44,Basic,Тула
C017,Максим,25-34,Basic,Москва
C018,Светлана,45-54,Basic,Волгоград
C019,Юрий,35-44,Basic,Тула
C020,Лариса,45-54,Basic,Волгоград
C021,Михаил,25-34,Basic,Волгоград
C022,Екатерина,18-24,Basic,Москва
